Bundle,1
Partition,1
Operator,N.U. X-ray Dif. Fac
Gonio,ATX-G
Memo,J.B. Cohen X-ray Diffraction Facility
IncidentMonochro,Slit collimation
CounterMonochro,Receiving slit
Attachment,XY-STAGE
Filter,
SlitName0,XRR Compression
SlitName1,Reciprocal SM Slit Collimation
Counter,SC-70
KAlpha1,1.54056
KAlpha2,1.54439
KBata,0
Target,Cu
KV,50
mA,240
AxisName,2Theta
MeasurementMethod,Continuation
Start,2
Finish,30
Speed,10
FixedTime,
Width,0.01
FullScale,11800
Comment,
SampleName,
Xunit,deg.
Yunit,CPS
2.0,600.4
2.01,683.8
2.02,750.6
2.03,667.1
2.04,733.9
2.05,750.6
2.06,516.9
2.07,650.4
2.08,633.7
2.09,633.7
2.1,700.5
2.11,533.6
2.12,533.6
2.13,617.1
2.14,617.1
2.15,466.9
2.16,633.8
2.17,650.4
2.18,700.5
2.19,617.1
2.2,600.4
2.21,667.1
2.22,483.6
2.23,533.6
2.24,483.6
2.25,550.3
2.26,617.1
2.27,433.5
2.28,433.5
2.29,583.7
2.3,567.0
2.31,550.3
2.32,667.1
2.33,416.9
2.34,433.5
2.35,516.9
2.36,650.4
2.37,650.4
2.38,516.9
2.39,717.2
2.4,366.8
2.41,683.8
2.42,633.8
2.43,533.6
2.44,617.1
2.45,600.4
2.46,567.0
2.47,466.9
2.48,617.1
2.49,583.7
2.5,633.7
2.51,500.3
2.52,583.7
2.53,567.0
2.54,583.7
2.55,550.3
2.56,583.7
2.57,533.6
2.58,533.6
2.59,433.5
2.6,416.8
2.61,550.3
2.62,567.0
2.63,350.1
2.64,400.2
2.65,683.8
2.66,567.0
2.67,567.0
2.68,700.5
2.69,617.0
2.7,466.9
2.71,667.2
2.72,567.0
2.73,483.6
2.74,533.7
2.75,383.5
2.76,466.9
2.77,683.8
2.78,633.7
2.79,600.4
2.8,483.6
2.81,433.5
2.82,550.3
2.83,500.3
2.84,500.3
2.85,633.7
2.86,583.7
2.87,500.3
2.88,583.7
2.89,733.9
2.9,683.8
2.91,416.9
2.92,633.7
2.93,516.9
2.94,483.6
2.95,617.1
2.96,500.3
2.97,567.0
2.98,600.4
2.99,550.3
3.0,516.9
3.01,633.8
3.02,517.0
3.03,433.5
3.04,667.1
3.05,450.2
3.06,650.5
3.07,583.7
3.08,500.3
3.09,617.0
3.1,433.5
3.11,617.1
3.12,733.9
3.13,650.4
3.14,683.8
3.15,617.1
3.16,567.0
3.17,550.3
3.18,516.9
3.19,333.5
3.2,333.5
3.21,516.9
3.22,650.4
3.23,617.1
3.24,500.3
3.25,433.5
3.26,650.5
3.27,550.3
3.28,767.3
3.29,516.9
3.3,717.3
3.31,617.1
3.32,600.4
3.33,650.4
3.34,567.0
3.35,567.0
3.36,400.2
3.37,567.0
3.38,500.3
3.39,450.2
3.4,667.1
3.41,533.6
3.42,583.7
3.43,600.4
3.44,617.1
3.45,617.1
3.46,550.3
3.47,650.4
3.48,500.3
3.49,533.6
3.5,650.4
3.51,650.4
3.52,633.8
3.53,567.0
3.54,683.8
3.55,383.5
3.56,583.7
3.57,483.6
3.58,767.3
3.59,650.5
3.6,517.0
3.61,733.9
3.62,633.7
3.63,450.2
3.64,600.4
3.65,617.1
3.66,650.4
3.67,567.0
3.68,617.1
3.69,517.0
3.7,600.4
3.71,500.3
3.72,717.2
3.73,683.8
3.74,667.1
3.75,683.8
3.76,633.8
3.77,617.1
3.78,633.8
3.79,600.4
3.8,550.3
3.81,483.6
3.82,700.5
3.83,667.2
3.84,516.9
3.85,717.2
3.86,733.9
3.87,617.0
3.88,583.7
3.89,533.6
3.9,516.9
3.91,617.0
3.92,750.6
3.93,416.9
3.94,683.8
3.95,600.4
3.96,717.2
3.97,600.4
3.98,600.4
3.99,600.4
4.0,450.2
4.01,550.3
4.02,600.4
4.03,533.6
4.04,567.0
4.05,850.7
4.06,567.0
4.07,583.7
4.08,600.4
4.09,550.3
4.1,750.6
4.11,550.3
4.12,483.6
4.13,650.4
4.14,583.7
4.15,700.5
4.16,516.9
4.17,617.1
4.18,683.8
4.19,717.2
4.2,683.8
4.21,650.5
4.22,600.4
4.23,500.3
4.24,683.8
4.25,884.1
4.26,450.2
4.27,683.8
4.28,466.9
4.29,650.4
4.3,567.0
4.31,500.3
4.32,934.3
4.33,800.6
4.34,600.4
4.35,767.3
4.36,733.9
4.37,433.5
4.38,750.6
4.39,700.5
4.4,500.3
4.41,667.1
4.42,500.3
4.43,667.1
4.44,567.0
4.45,600.4
4.46,650.4
4.47,366.8
4.48,600.4
4.49,533.6
4.5,517.0
4.51,667.1
4.52,416.8
4.53,617.1
4.54,516.9
4.55,466.9
4.56,500.3
4.57,650.4
4.58,483.6
4.59,750.6
4.6,667.1
4.61,717.2
4.62,733.9
4.63,483.6
4.64,733.9
4.65,600.4
4.66,466.9
4.67,483.6
4.68,600.4
4.69,784.0
4.7,600.4
4.71,617.0
4.72,466.9
4.73,400.2
4.74,483.6
4.75,750.6
4.76,567.0
4.77,600.4
4.78,550.3
4.79,550.3
4.8,617.0
4.81,483.6
4.82,667.1
4.83,516.9
4.84,700.5
4.85,567.0
4.86,533.6
4.87,433.5
4.88,650.4
4.89,600.4
4.9,450.2
4.91,750.6
4.92,366.8
4.93,466.9
4.94,400.2
4.95,383.5
4.96,400.2
4.97,617.1
4.98,366.8
4.99,416.8
5.0,500.3
5.01,366.8
5.02,516.9
5.03,433.5
5.04,466.9
5.05,533.6
5.06,450.2
5.07,500.3
5.08,483.6
5.09,466.9
5.1,500.3
5.11,533.6
5.12,450.2
5.13,366.8
5.14,516.9
5.15,483.6
5.16,466.9
5.17,383.5
5.18,567.0
5.19,550.3
5.2,466.9
5.21,416.8
5.22,416.8
5.23,450.2
5.24,366.8
5.25,500.3
5.26,483.6
5.27,617.1
5.28,483.6
5.29,400.2
5.3,450.2
5.31,366.8
5.32,433.5
5.33,400.2
5.34,433.5
5.35,300.1
5.36,383.5
5.37,400.2
5.38,300.1
5.39,416.8
5.4,550.3
5.41,450.2
5.42,416.8
5.43,266.7
5.44,316.8
5.45,416.9
5.46,366.8
5.47,516.9
5.48,466.9
5.49,550.3
5.5,316.8
5.51,533.6
5.52,300.1
5.53,483.6
5.54,483.6
5.55,416.8
5.56,483.6
5.57,550.3
5.58,533.6
5.59,400.2
5.6,483.6
5.61,450.2
5.62,450.2
5.63,416.8
5.64,633.7
5.65,533.6
5.66,433.5
5.67,633.7
5.68,416.9
5.69,466.9
5.7,450.2
5.71,466.9
5.72,400.2
5.73,466.9
5.74,483.6
5.75,500.3
5.76,450.2
5.77,466.9
5.78,400.2
5.79,333.4
5.8,383.5
5.81,466.9
5.82,433.5
5.83,250.1
5.84,516.9
5.85,416.8
5.86,333.5
5.87,266.7
5.88,383.5
5.89,433.5
5.9,400.2
5.91,466.9
5.92,466.9
5.93,350.1
5.94,333.4
5.95,283.4
5.96,366.8
5.97,333.4
5.98,300.1
5.99,500.3
6.0,266.7
6.01,383.5
6.02,416.8
6.03,650.4
6.04,416.8
6.05,416.8
6.06,350.1
6.07,316.8
6.08,366.8
6.09,433.5
6.1,366.8
6.11,466.9
6.12,383.5
6.13,283.4
6.14,416.8
6.15,183.4
6.16,650.4
6.17,433.5
6.18,350.1
6.19,350.1
6.2,366.8
6.21,333.5
6.22,383.5
6.23,333.5
6.24,333.5
6.25,450.2
6.26,483.6
6.27,483.6
6.28,500.3
6.29,350.1
6.3,300.1
6.31,333.5
6.32,383.5
6.33,416.8
6.34,250.1
6.35,400.2
6.36,450.2
6.37,500.3
6.38,450.2
6.39,516.9
6.4,400.2
6.41,233.4
6.42,400.2
6.43,416.8
6.44,366.8
6.45,483.6
6.46,383.5
6.47,233.4
6.48,450.2
6.49,466.9
6.5,567.0
6.51,466.9
6.52,283.4
6.53,366.8
6.54,433.5
6.55,466.9
6.56,416.8
6.57,517.0
6.58,416.8
6.59,400.2
6.6,466.9
6.61,483.6
6.62,600.4
6.63,416.8
6.64,533.6
6.65,567.0
6.66,600.4
6.67,500.3
6.68,383.5
6.69,416.9
6.7,416.8
6.71,567.0
6.72,583.7
6.73,416.8
6.74,550.3
6.75,733.9
6.76,516.9
6.77,817.3
6.78,667.1
6.79,583.7
6.8,583.7
6.81,984.3
6.82,650.4
6.83,917.5
6.84,784.0
6.85,617.1
6.86,784.0
6.87,733.9
6.88,717.2
6.89,934.2
6.9,1251.6
6.91,967.6
6.92,950.9
6.93,1101.2
6.94,1418.7
6.95,1001.0
6.96,1084.5
6.97,1234.9
6.98,1402.1
6.99,1368.7
7.0,1719.6
7.01,1602.6
7.02,1468.9
7.03,1669.5
7.04,1669.6
7.05,2054.3
7.06,1887.1
7.07,1803.3
7.08,2087.7
7.09,2305.5
7.1,2355.7
7.11,2489.8
7.12,2992.7
7.13,2590.2
7.14,3193.8
7.15,3260.9
7.16,4016.4
7.17,3781.7
7.18,3865.4
7.19,4151.3
7.2,4251.6
7.21,4588.2
7.22,5615.6
7.23,5430.3
7.24,5868.8
7.25,6308.0
7.26,7422.7
7.27,7913.5
7.28,7711.1
7.29,8405.5
7.3,9849.0
7.31,8644.2
7.32,9084.7
7.33,8575.8
7.34,9133.8
7.35,8371.8
7.36,8355.0
7.37,7338.1
7.38,6830.9
7.39,6797.5
7.4,5548.2
7.41,4672.3
7.42,4386.4
7.43,3563.1
7.44,2372.6
7.45,2506.4
7.46,2054.4
7.47,1569.1
7.48,1502.3
7.49,1051.1
7.5,934.2
7.51,917.5
7.52,600.4
7.53,900.8
7.54,733.9
7.55,817.4
7.56,683.8
7.57,683.8
7.58,350.1
7.59,450.2
7.6,483.6
7.61,450.2
7.62,533.6
7.63,316.8
7.64,400.2
7.65,466.9
7.66,466.9
7.67,433.5
7.68,400.2
7.69,300.1
7.7,450.2
7.71,500.3
7.72,316.8
7.73,283.4
7.74,200.0
7.75,183.4
7.76,216.7
7.77,216.7
7.78,416.9
7.79,400.2
7.8,366.8
7.81,316.8
7.82,300.1
7.83,250.1
7.84,283.4
7.85,316.8
7.86,300.1
7.87,250.1
7.88,250.1
7.89,350.1
7.9,350.1
7.91,316.8
7.92,250.1
7.93,350.1
7.94,383.5
7.95,316.8
7.96,383.5
7.97,233.4
7.98,316.8
7.99,416.8
8.0,383.5
8.01,316.8
8.02,400.2
8.03,283.4
8.04,316.8
8.05,450.2
8.06,400.2
8.07,433.5
8.08,300.1
8.09,383.5
8.1,450.2
8.11,400.2
8.12,567.0
8.13,633.7
8.14,450.2
8.15,550.3
8.16,567.0
8.17,800.6
8.18,550.3
8.19,817.3
8.2,767.3
8.21,700.5
8.22,650.4
8.23,650.5
8.24,834.0
8.25,1017.7
8.26,900.8
8.27,1118.0
8.28,850.7
8.29,1335.2
8.3,1168.1
8.31,1368.5
8.32,1686.2
8.33,1285.1
8.34,1519.0
8.35,1636.1
8.36,1970.6
8.37,1769.9
8.38,2037.6
8.39,2456.3
8.4,2322.1
8.41,3395.2
8.42,2891.9
8.43,3126.9
8.44,3193.8
8.45,3227.4
8.46,3412.1
8.47,3563.2
8.48,3579.7
8.49,3261.1
8.5,3009.4
8.51,2875.3
8.52,2640.4
8.53,2305.5
8.54,1937.2
8.55,1887.0
8.56,1502.3
8.57,1351.8
8.58,1084.5
8.59,917.5
8.6,700.5
8.61,617.1
8.62,383.5
8.63,550.3
8.64,350.1
8.65,433.5
8.66,383.5
8.67,416.8
8.68,300.1
8.69,300.1
8.7,350.1
8.71,216.7
8.72,300.1
8.73,183.4
8.74,216.7
8.75,300.1
8.76,150.0
8.77,233.4
8.78,133.4
8.79,150.0
8.8,150.0
8.81,150.0
8.82,166.7
8.83,166.7
8.84,133.4
8.85,150.0
8.86,150.0
8.87,183.4
8.88,150.0
8.89,150.0
8.9,233.4
8.91,166.7
8.92,150.0
8.93,166.7
8.94,200.0
8.95,183.4
8.96,116.7
8.97,166.7
8.98,216.7
8.99,216.7
9.0,166.7
9.01,233.4
9.02,233.4
9.03,266.7
9.04,116.7
9.05,116.7
9.06,150.0
9.07,166.7
9.08,183.4
9.09,150.0
9.1,133.4
9.11,166.7
9.12,133.4
9.13,166.7
9.14,100.0
9.15,116.7
9.16,216.7
9.17,133.4
9.18,183.4
9.19,166.7
9.2,200.0
9.21,150.0
9.22,133.4
9.23,166.7
9.24,100.0
9.25,216.7
9.26,250.1
9.27,50.0
9.28,183.4
9.29,133.4
9.3,150.0
9.31,216.7
9.32,116.7
9.33,200.0
9.34,166.7
9.35,133.4
9.36,183.4
9.37,150.0
9.38,150.0
9.39,150.0
9.4,83.3
9.41,166.7
9.42,133.4
9.43,83.3
9.44,266.7
9.45,116.7
9.46,233.4
9.47,116.7
9.48,200.0
9.49,150.0
9.5,133.4
9.51,216.7
9.52,116.7
9.53,83.3
9.54,150.0
9.55,200.0
9.56,150.0
9.57,150.0
9.58,150.0
9.59,100.0
9.6,233.4
9.61,166.7
9.62,83.3
9.63,133.4
9.64,133.4
9.65,100.0
9.66,83.3
9.67,150.0
9.68,100.0
9.69,166.7
9.7,100.0
9.71,150.0
9.72,150.0
9.73,116.7
9.74,50.0
9.75,150.0
9.76,150.0
9.77,50.0
9.78,116.7
9.79,116.7
9.8,150.0
9.81,300.1
9.82,183.4
9.83,150.0
9.84,150.0
9.85,116.7
9.86,83.3
9.87,216.7
9.88,100.0
9.89,100.0
9.9,150.0
9.91,116.7
9.92,216.7
9.93,133.4
9.94,116.7
9.95,166.7
9.96,133.4
9.97,216.7
9.98,150.0
9.99,183.4
10.0,150.0
10.01,116.7
10.02,83.3
10.03,133.4
10.04,100.0
10.05,66.7
10.06,150.0
10.07,133.4
10.08,100.0
10.09,100.0
10.1,50.0
10.11,116.7
10.12,50.0
10.13,50.0
10.14,150.0
10.15,183.4
10.16,83.3
10.17,216.7
10.18,100.0
10.19,200.0
10.2,116.7
10.21,83.3
10.22,133.4
10.23,116.7
10.24,100.0
10.25,83.3
10.26,133.4
10.27,133.4
10.28,66.7
10.29,216.7
10.3,50.0
10.31,83.3
10.32,100.0
10.33,133.4
10.34,100.0
10.35,83.3
10.36,166.7
10.37,200.0
10.38,83.3
10.39,83.3
10.4,66.7
10.41,83.3
10.42,50.0
10.43,116.7
10.44,183.4
10.45,50.0
10.46,200.0
10.47,100.0
10.48,133.4
10.49,50.0
10.5,33.3
10.51,100.0
10.52,50.0
10.53,116.7
10.54,50.0
10.55,250.1
10.56,133.4
10.57,66.7
10.58,116.7
10.59,116.7
10.6,116.7
10.61,66.7
10.62,83.3
10.63,83.3
10.64,116.7
10.65,150.0
10.66,33.3
10.67,133.4
10.68,166.7
10.69,66.7
10.7,83.3
10.71,33.3
10.72,100.0
10.73,33.3
10.74,50.0
10.75,150.0
10.76,83.3
10.77,150.0
10.78,133.4
10.79,100.0
10.8,116.7
10.81,66.7
10.82,83.3
10.83,83.3
10.84,133.4
10.85,150.0
10.86,83.3
10.87,116.7
10.88,116.7
10.89,150.0
10.9,66.7
10.91,83.3
10.92,16.7
10.93,100.0
10.94,83.3
10.95,66.7
10.96,100.0
10.97,33.3
10.98,150.0
10.99,83.3
11.0,50.0
11.01,133.4
11.02,116.7
11.03,83.3
11.04,66.7
11.05,100.0
11.06,116.7
11.07,16.7
11.08,133.4
11.09,133.4
11.1,50.0
11.11,66.7
11.12,100.0
11.13,100.0
11.14,100.0
11.15,100.0
11.16,83.3
11.17,50.0
11.18,166.7
11.19,16.7
11.2,166.7
11.21,133.4
11.22,66.7
11.23,116.7
11.24,100.0
11.25,133.4
11.26,33.3
11.27,100.0
11.28,66.7
11.29,133.4
11.3,83.3
11.31,116.7
11.32,133.4
11.33,50.0
11.34,33.3
11.35,33.3
11.36,150.0
11.37,50.0
11.38,100.0
11.39,100.0
11.4,100.0
11.41,66.7
11.42,50.0
11.43,50.0
11.44,66.7
11.45,166.7
11.46,116.7
11.47,66.7
11.48,133.4
11.49,100.0
11.5,66.7
11.51,100.0
11.52,116.7
11.53,116.7
11.54,66.7
11.55,100.0
11.56,200.0
11.57,66.7
11.58,133.4
11.59,66.7
11.6,66.7
11.61,133.4
11.62,50.0
11.63,133.4
11.64,150.0
11.65,133.4
11.66,83.3
11.67,66.7
11.68,166.7
11.69,83.3
11.7,116.7
11.71,100.0
11.72,166.7
11.73,183.4
11.74,250.1
11.75,100.0
11.76,200.0
11.77,216.7
11.78,233.4
11.79,150.0
11.8,233.4
11.81,166.7
11.82,266.7
11.83,250.1
11.84,333.5
11.85,200.0
11.86,333.5
11.87,283.4
11.88,316.8
11.89,250.1
11.9,383.5
11.91,533.6
11.92,400.2
11.93,500.3
11.94,633.8
11.95,567.0
11.96,600.4
11.97,700.5
11.98,767.3
11.99,850.7
12.0,767.3
12.01,633.7
12.02,700.5
12.03,667.1
12.04,567.0
12.05,700.5
12.06,700.5
12.07,300.1
12.08,450.2
12.09,366.8
12.1,383.5
12.11,216.7
12.12,216.7
12.13,250.1
12.14,200.0
12.15,150.0
12.16,133.4
12.17,166.7
12.18,100.0
12.19,183.4
12.2,166.7
12.21,83.3
12.22,150.0
12.23,166.7
12.24,50.0
12.25,66.7
12.26,133.4
12.27,16.7
12.28,133.4
12.29,83.3
12.3,100.0
12.31,116.7
12.32,33.3
12.33,66.7
12.34,116.7
12.35,16.7
12.36,50.0
12.37,116.7
12.38,116.7
12.39,100.0
12.4,100.0
12.41,66.7
12.42,83.3
12.43,166.7
12.44,66.7
12.45,66.7
12.46,83.3
12.47,50.0
12.48,33.3
12.49,133.4
12.5,66.7
12.51,133.4
12.52,116.7
12.53,66.7
12.54,50.0
12.55,100.0
12.56,100.0
12.57,50.0
12.58,133.4
12.59,66.7
12.6,0.0
12.61,83.3
12.62,66.7
12.63,83.3
12.64,100.0
12.65,100.0
12.66,83.3
12.67,50.0
12.68,83.3
12.69,100.0
12.7,116.7
12.71,66.7
12.72,83.3
12.73,50.0
12.74,66.7
12.75,116.7
12.76,116.7
12.77,66.7
12.78,66.7
12.79,100.0
12.8,133.4
12.81,66.7
12.82,33.3
12.83,33.3
12.84,50.0
12.85,116.7
12.86,66.7
12.87,133.4
12.88,66.7
12.89,116.7
12.9,100.0
12.91,66.7
12.92,50.0
12.93,66.7
12.94,116.7
12.95,66.7
12.96,16.7
12.97,66.7
12.98,183.4
12.99,66.7
13.0,66.7
13.01,0.0
13.02,50.0
13.03,100.0
13.04,83.3
13.05,83.3
13.06,50.0
13.07,66.7
13.08,116.7
13.09,116.7
13.1,33.3
13.11,133.4
13.12,50.0
13.13,133.4
13.14,33.3
13.15,150.0
13.16,116.7
13.17,83.3
13.18,166.7
13.19,100.0
13.2,50.0
13.21,116.7
13.22,83.3
13.23,83.3
13.24,100.0
13.25,66.7
13.26,66.7
13.27,116.7
13.28,50.0
13.29,66.7
13.3,100.0
13.31,50.0
13.32,100.0
13.33,116.7
13.34,50.0
13.35,100.0
13.36,50.0
13.37,116.7
13.38,166.7
13.39,66.7
13.4,33.3
13.41,16.7
13.42,133.4
13.43,50.0
13.44,33.3
13.45,183.4
13.46,66.7
13.47,33.3
13.48,66.7
13.49,33.3
13.5,116.7
13.51,100.0
13.52,100.0
13.53,50.0
13.54,100.0
13.55,83.3
13.56,83.3
13.57,66.7
13.58,83.3
13.59,116.7
13.6,100.0
13.61,133.4
13.62,66.7
13.63,66.7
13.64,83.3
13.65,83.3
13.66,100.0
13.67,66.7
13.68,83.3
13.69,116.7
13.7,66.7
13.71,116.7
13.72,33.3
13.73,116.7
13.74,50.0
13.75,66.7
13.76,50.0
13.77,83.3
13.78,50.0
13.79,33.3
13.8,66.7
13.81,66.7
13.82,166.7
13.83,150.0
13.84,66.7
13.85,100.0
13.86,66.7
13.87,166.7
13.88,33.3
13.89,83.3
13.9,150.0
13.91,50.0
13.92,16.7
13.93,116.7
13.94,150.0
13.95,66.7
13.96,83.3
13.97,66.7
13.98,133.4
13.99,100.0
14.0,150.0
14.01,216.7
14.02,150.0
14.03,200.0
14.04,250.1
14.05,233.4
14.06,200.0
14.07,216.7
14.08,183.4
14.09,166.7
14.1,116.7
14.11,150.0
14.12,266.7
14.13,183.4
14.14,150.0
14.15,233.4
14.16,283.4
14.17,66.7
14.18,66.7
14.19,50.0
14.2,116.7
14.21,150.0
14.22,66.7
14.23,83.3
14.24,66.7
14.25,100.0
14.26,66.7
14.27,150.0
14.28,83.3
14.29,83.3
14.3,66.7
14.31,133.4
14.32,133.4
14.33,66.7
14.34,50.0
14.35,66.7
14.36,50.0
14.37,0.0
14.38,116.7
14.39,66.7
14.4,133.4
14.41,33.3
14.42,116.7
14.43,66.7
14.44,150.0
14.45,66.7
14.46,16.7
14.47,83.3
14.48,50.0
14.49,66.7
14.5,66.7
14.51,116.7
14.52,116.7
14.53,83.3
14.54,166.7
14.55,83.3
14.56,50.0
14.57,150.0
14.58,183.4
14.59,83.3
14.6,83.3
14.61,133.4
14.62,83.3
14.63,150.0
14.64,283.4
14.65,50.0
14.66,250.1
14.67,216.7
14.68,200.0
14.69,283.4
14.7,283.4
14.71,333.4
14.72,300.1
14.73,333.4
14.74,250.1
14.75,250.1
14.76,233.4
14.77,200.1
14.78,200.0
14.79,233.4
14.8,200.0
14.81,100.0
14.82,150.0
14.83,150.0
14.84,116.7
14.85,116.7
14.86,50.0
14.87,100.0
14.88,16.7
14.89,116.7
14.9,50.0
14.91,66.7
14.92,83.3
14.93,66.7
14.94,183.4
14.95,16.7
14.96,83.3
14.97,16.7
14.98,33.3
14.99,150.0
15.0,100.0
15.01,100.0
15.02,100.0
15.03,66.7
15.04,16.7
15.05,100.0
15.06,16.7
15.07,83.3
15.08,100.0
15.09,50.0
15.1,50.0
15.11,50.0
15.12,166.7
15.13,133.4
15.14,50.0
15.15,66.7
15.16,66.7
15.17,100.0
15.18,50.0
15.19,83.3
15.2,116.7
15.21,50.0
15.22,50.0
15.23,66.7
15.24,33.3
15.25,100.0
15.26,66.7
15.27,66.7
15.28,66.7
15.29,100.0
15.3,83.3
15.31,116.7
15.32,100.0
15.33,33.3
15.34,50.0
15.35,83.3
15.36,66.7
15.37,33.3
15.38,66.7
15.39,66.7
15.4,66.7
15.41,116.7
15.42,83.3
15.43,66.7
15.44,33.3
15.45,83.3
15.46,66.7
15.47,50.0
15.48,33.3
15.49,50.0
15.5,66.7
15.51,66.7
15.52,66.7
15.53,66.7
15.54,83.3
15.55,83.3
15.56,116.7
15.57,33.3
15.58,133.4
15.59,33.3
15.6,100.0
15.61,33.3
15.62,83.3
15.63,133.4
15.64,100.0
15.65,33.3
15.66,33.3
15.67,66.7
15.68,66.7
15.69,83.3
15.7,100.0
15.71,100.0
15.72,133.4
15.73,100.0
15.74,33.3
15.75,16.7
15.76,16.7
15.77,150.0
15.78,66.7
15.79,133.4
15.8,16.7
15.81,116.7
15.82,66.7
15.83,100.0
15.84,150.0
15.85,100.0
15.86,116.7
15.87,116.7
15.88,66.7
15.89,116.7
15.9,50.0
15.91,50.0
15.92,50.0
15.93,50.0
15.94,50.0
15.95,50.0
15.96,50.0
15.97,83.3
15.98,100.0
15.99,100.0
16.0,66.7
16.01,133.4
16.02,50.0
16.03,100.0
16.04,116.7
16.05,33.3
16.06,133.4
16.07,83.3
16.08,100.0
16.09,66.7
16.1,66.7
16.11,83.3
16.12,100.0
16.13,116.7
16.14,83.3
16.15,50.0
16.16,116.7
16.17,50.0
16.18,100.0
16.19,66.7
16.2,50.0
16.21,183.4
16.22,66.7
16.23,116.7
16.24,133.4
16.25,83.3
16.26,50.0
16.27,66.7
16.28,50.0
16.29,33.3
16.3,83.3
16.31,0.0
16.32,83.3
16.33,150.0
16.34,16.7
16.35,100.0
16.36,66.7
16.37,66.7
16.38,50.0
16.39,116.7
16.4,50.0
16.41,50.0
16.42,33.3
16.43,133.4
16.44,133.4
16.45,66.7
16.46,50.0
16.47,66.7
16.48,133.4
16.49,66.7
16.5,116.7
16.51,66.7
16.52,83.3
16.53,183.4
16.54,83.3
16.55,66.7
16.56,83.3
16.57,150.0
16.58,166.7
16.59,83.3
16.6,150.0
16.61,100.0
16.62,100.0
16.63,50.0
16.64,33.3
16.65,66.7
16.66,133.4
16.67,116.7
16.68,0.0
16.69,116.7
16.7,116.7
16.71,133.4
16.72,133.4
16.73,100.0
16.74,83.3
16.75,50.0
16.76,200.0
16.77,66.7
16.78,133.4
16.79,166.7
16.8,133.4
16.81,150.0
16.82,16.7
16.83,200.0
16.84,116.7
16.85,266.7
16.86,250.1
16.87,266.7
16.88,133.4
16.89,266.7
16.9,166.7
16.91,216.7
16.92,333.4
16.93,350.1
16.94,400.2
16.95,366.8
16.96,350.1
16.97,316.8
16.98,350.1
16.99,433.5
17.0,500.3
17.01,283.4
17.02,366.8
17.03,517.0
17.04,600.4
17.05,350.1
17.06,283.4
17.07,200.0
17.08,366.8
17.09,383.5
17.1,266.7
17.11,300.1
17.12,233.4
17.13,283.4
17.14,183.4
17.15,133.4
17.16,183.4
17.17,166.7
17.18,133.4
17.19,83.3
17.2,166.7
17.21,150.0
17.22,83.3
17.23,66.7
17.24,66.7
17.25,83.3
17.26,116.7
17.27,116.7
17.28,183.4
17.29,116.7
17.3,166.7
17.31,33.3
17.32,150.0
17.33,66.7
17.34,50.0
17.35,83.3
17.36,33.3
17.37,116.7
17.38,83.3
17.39,100.0
17.4,150.0
17.41,100.0
17.42,83.3
17.43,150.0
17.44,150.0
17.45,50.0
17.46,166.7
17.47,83.3
17.48,116.7
17.49,66.7
17.5,66.7
17.51,116.7
17.52,133.4
17.53,183.4
17.54,16.7
17.55,283.4
17.56,100.0
17.57,83.3
17.58,66.7
17.59,83.3
17.6,66.7
17.61,166.7
17.62,100.0
17.63,66.7
17.64,100.0
17.65,83.3
17.66,183.4
17.67,83.3
17.68,50.0
17.69,150.0
17.7,50.0
17.71,150.0
17.72,66.7
17.73,183.4
17.74,83.3
17.75,100.0
17.76,83.3
17.77,100.0
17.78,150.0
17.79,116.7
17.8,100.0
17.81,116.7
17.82,100.0
17.83,66.7
17.84,200.0
17.85,116.7
17.86,166.7
17.87,83.3
17.88,166.7
17.89,150.0
17.9,100.0
17.91,116.7
17.92,100.0
17.93,66.7
17.94,50.0
17.95,66.7
17.96,116.7
17.97,66.7
17.98,66.7
17.99,183.4
18.0,100.0
18.01,116.7
18.02,83.3
18.03,66.7
18.04,116.7
18.05,150.0
18.06,100.0
18.07,66.7
18.08,66.7
18.09,50.0
18.1,116.7
18.11,100.0
18.12,150.0
18.13,100.0
18.14,100.0
18.15,66.7
18.16,150.0
18.17,116.7
18.18,116.7
18.19,133.4
18.2,83.3
18.21,66.7
18.22,150.0
18.23,66.7
18.24,133.4
18.25,116.7
18.26,116.7
18.27,166.7
18.28,100.0
18.29,66.7
18.3,66.7
18.31,83.3
18.32,166.7
18.33,116.7
18.34,100.0
18.35,166.7
18.36,116.7
18.37,133.4
18.38,200.0
18.39,83.3
18.4,133.4
18.41,83.3
18.42,166.7
18.43,183.4
18.44,116.7
18.45,216.7
18.46,166.7
18.47,233.4
18.48,250.1
18.49,266.7
18.5,183.4
18.51,150.0
18.52,316.8
18.53,266.7
18.54,266.7
18.55,233.4
18.56,333.5
18.57,366.8
18.58,266.7
18.59,233.4
18.6,300.1
18.61,266.7
18.62,233.4
18.63,250.1
18.64,266.7
18.65,250.1
18.66,133.4
18.67,50.0
18.68,150.0
18.69,133.4
18.7,166.7
18.71,100.0
18.72,166.7
18.73,150.0
18.74,183.4
18.75,150.0
18.76,83.3
18.77,100.0
18.78,166.7
18.79,133.4
18.8,66.7
18.81,100.0
18.82,183.4
18.83,266.7
18.84,200.0
18.85,166.7
18.86,166.7
18.87,166.7
18.88,233.4
18.89,133.4
18.9,116.7
18.91,200.0
18.92,166.7
18.93,166.7
18.94,200.0
18.95,250.1
18.96,200.0
18.97,250.1
18.98,350.1
18.99,300.1
19.0,250.1
19.01,233.4
19.02,183.4
19.03,483.6
19.04,416.8
19.05,283.4
19.06,233.4
19.07,316.8
19.08,200.0
19.09,333.4
19.1,316.8
19.11,200.0
19.12,316.8
19.13,183.4
19.14,200.0
19.15,250.1
19.16,133.4
19.17,366.8
19.18,183.4
19.19,216.7
19.2,216.7
19.21,133.4
19.22,166.7
19.23,100.0
19.24,133.4
19.25,116.7
19.26,133.4
19.27,66.7
19.28,66.7
19.29,216.7
19.3,166.7
19.31,133.4
19.32,100.0
19.33,150.0
19.34,133.4
19.35,166.7
19.36,233.4
19.37,83.3
19.38,150.0
19.39,100.0
19.4,83.3
19.41,133.4
19.42,133.4
19.43,66.7
19.44,150.0
19.45,166.7
19.46,150.0
19.47,133.4
19.48,100.0
19.49,100.0
19.5,50.0
19.51,200.0
19.52,216.7
19.53,150.0
19.54,266.7
19.55,100.0
19.56,183.4
19.57,133.4
19.58,83.3
19.59,116.7
19.6,183.4
19.61,100.0
19.62,183.4
19.63,50.0
19.64,83.3
19.65,66.7
19.66,116.7
19.67,150.0
19.68,166.7
19.69,100.0
19.7,200.0
19.71,100.0
19.72,166.7
19.73,50.0
19.74,66.7
19.75,83.3
19.76,150.0
19.77,166.7
19.78,200.0
19.79,183.4
19.8,200.0
19.81,66.7
19.82,100.0
19.83,150.0
19.84,133.4
19.85,66.7
19.86,83.3
19.87,150.0
19.88,66.7
19.89,150.0
19.9,133.4
19.91,166.7
19.92,116.7
19.93,100.0
19.94,133.4
19.95,83.3
19.96,150.0
19.97,116.7
19.98,150.0
19.99,50.0
20.0,66.7
20.01,100.0
20.02,100.0
20.03,50.0
20.04,116.7
20.05,116.7
20.06,116.7
20.07,166.7
20.08,116.7
20.09,50.0
20.1,183.4
20.11,166.7
20.12,133.4
20.13,83.3
20.14,166.7
20.15,116.7
20.16,116.7
20.17,150.0
20.18,83.3
20.19,100.0
20.2,150.0
20.21,116.7
20.22,83.3
20.23,116.7
20.24,83.3
20.25,150.0
20.26,150.0
20.27,133.4
20.28,133.4
20.29,150.0
20.3,83.3
20.31,116.7
20.32,66.7
20.33,133.4
20.34,133.4
20.35,216.7
20.36,183.4
20.37,100.0
20.38,133.4
20.39,133.4
20.4,183.4
20.41,150.0
20.42,166.7
20.43,83.3
20.44,200.0
20.45,83.3
20.46,183.4
20.47,100.0
20.48,66.7
20.49,50.0
20.5,66.7
20.51,200.0
20.52,200.0
20.53,166.7
20.54,216.7
20.55,116.7
20.56,100.0
20.57,116.7
20.58,116.7
20.59,133.4
20.6,133.4
20.61,83.3
20.62,116.7
20.63,133.4
20.64,216.7
20.65,166.7
20.66,183.4
20.67,133.4
20.68,116.7
20.69,116.7
20.7,166.7
20.71,133.4
20.72,183.4
20.73,166.7
20.74,200.0
20.75,283.4
20.76,333.4
20.77,233.4
20.78,200.0
20.79,300.1
20.8,283.4
20.81,300.1
20.82,333.5
20.83,166.7
20.84,233.4
20.85,200.0
20.86,450.2
20.87,400.2
20.88,333.4
20.89,366.8
20.9,316.8
20.91,383.5
20.92,200.0
20.93,433.5
20.94,216.7
20.95,250.1
20.96,300.1
20.97,300.1
20.98,333.4
20.99,216.7
21.0,200.0
21.01,233.4
21.02,216.7
21.03,200.0
21.04,216.7
21.05,166.7
21.06,150.0
21.07,100.0
21.08,266.7
21.09,100.0
21.1,116.7
21.11,200.0
21.12,166.7
21.13,166.7
21.14,166.7
21.15,150.0
21.16,150.0
21.17,200.0
21.18,166.7
21.19,100.0
21.2,50.0
21.21,200.0
21.22,100.0
21.23,133.4
21.24,100.0
21.25,133.4
21.26,133.4
21.27,150.0
21.28,150.0
21.29,166.7
21.3,166.7
21.31,150.0
21.32,150.0
21.33,333.4
21.34,116.7
21.35,183.4
21.36,66.7
21.37,83.3
21.38,166.7
21.39,200.0
21.4,133.4
21.41,183.4
21.42,116.7
21.43,166.7
21.44,300.1
21.45,166.7
21.46,250.1
21.47,116.7
21.48,100.0
21.49,333.4
21.5,166.7
21.51,216.7
21.52,66.7
21.53,133.4
21.54,133.4
21.55,166.7
21.56,233.4
21.57,166.7
21.58,83.3
21.59,250.1
21.6,200.0
21.61,133.4
21.62,116.7
21.63,166.7
21.64,166.7
21.65,200.0
21.66,100.0
21.67,166.7
21.68,300.1
21.69,183.4
21.7,116.7
21.71,266.7
21.72,250.1
21.73,200.0
21.74,116.7
21.75,233.4
21.76,183.4
21.77,100.0
21.78,66.7
21.79,116.7
21.8,166.7
21.81,200.0
21.82,100.0
21.83,200.0
21.84,150.0
21.85,166.7
21.86,233.4
21.87,166.7
21.88,150.0
21.89,133.4
21.9,200.0
21.91,166.7
21.92,133.4
21.93,100.0
21.94,350.1
21.95,183.4
21.96,200.0
21.97,150.0
21.98,183.4
21.99,216.7
22.0,283.4
22.01,266.7
22.02,150.0
22.03,150.0
22.04,366.8
22.05,350.1
22.06,266.7
22.07,450.2
22.08,366.8
22.09,366.8
22.1,366.8
22.11,466.9
22.12,300.1
22.13,533.6
22.14,667.1
22.15,533.6
22.16,567.0
22.17,483.6
22.18,633.7
22.19,350.1
22.2,383.5
22.21,366.8
22.22,400.2
22.23,466.9
22.24,583.7
22.25,450.2
22.26,466.9
22.27,300.1
22.28,266.7
22.29,366.8
22.3,250.1
22.31,250.1
22.32,250.1
22.33,233.4
22.34,100.0
22.35,100.0
22.36,200.0
22.37,233.4
22.38,200.0
22.39,183.4
22.4,150.0
22.41,216.7
22.42,200.0
22.43,216.7
22.44,166.7
22.45,200.0
22.46,116.7
22.47,200.0
22.48,133.4
22.49,200.0
22.5,200.0
22.51,133.4
22.52,266.7
22.53,150.0
22.54,150.0
22.55,50.0
22.56,200.0
22.57,150.0
22.58,133.4
22.59,150.0
22.6,100.0
22.61,150.0
22.62,200.0
22.63,133.4
22.64,133.4
22.65,133.4
22.66,150.0
22.67,233.4
22.68,133.4
22.69,133.4
22.7,300.1
22.71,216.7
22.72,83.3
22.73,116.7
22.74,250.1
22.75,133.4
22.76,100.0
22.77,133.4
22.78,150.0
22.79,116.7
22.8,200.0
22.81,200.0
22.82,133.4
22.83,166.7
22.84,166.7
22.85,100.0
22.86,250.1
22.87,166.7
22.88,266.7
22.89,100.0
22.9,200.0
22.91,116.7
22.92,133.4
22.93,133.4
22.94,83.3
22.95,283.4
22.96,216.7
22.97,183.4
22.98,50.0
22.99,66.7
23.0,183.4
23.01,116.7
23.02,133.4
23.03,116.7
23.04,116.7
23.05,166.7
23.06,83.3
23.07,133.4
23.08,116.7
23.09,133.4
23.1,100.0
23.11,133.4
23.12,150.0
23.13,50.0
23.14,183.4
23.15,133.4
23.16,133.4
23.17,66.7
23.18,116.7
23.19,83.3
23.2,83.3
23.21,133.4
23.22,166.7
23.23,100.0
23.24,100.0
23.25,166.7
23.26,133.4
23.27,216.7
23.28,133.4
23.29,233.4
23.3,33.3
23.31,216.7
23.32,250.1
23.33,150.0
23.34,66.7
23.35,183.4
23.36,116.7
23.37,166.7
23.38,200.0
23.39,183.4
23.4,133.4
23.41,83.3
23.42,183.4
23.43,150.0
23.44,116.7
23.45,133.4
23.46,150.0
23.47,66.7
23.48,150.0
23.49,166.7
23.5,133.4
23.51,150.0
23.52,233.4
23.53,183.4
23.54,166.7
23.55,216.7
23.56,83.3
23.57,216.7
23.58,233.4
23.59,100.0
23.6,116.7
23.61,83.3
23.62,166.7
23.63,83.3
23.64,133.4
23.65,83.3
23.66,83.3
23.67,150.0
23.68,116.7
23.69,33.3
23.7,233.4
23.71,100.0
23.72,133.4
23.73,133.4
23.74,100.0
23.75,300.1
23.76,233.4
23.77,133.4
23.78,133.4
23.79,150.0
23.8,133.4
23.81,83.3
23.82,166.7
23.83,83.3
23.84,100.0
23.85,100.0
23.86,116.7
23.87,150.0
23.88,100.0
23.89,133.4
23.9,100.0
23.91,216.7
23.92,166.7
23.93,116.7
23.94,33.3
23.95,116.7
23.96,166.7
23.97,116.7
23.98,66.7
23.99,83.3
24.0,100.0
24.01,100.0
24.02,150.0
24.03,116.7
24.04,166.7
24.05,216.7
24.06,200.0
24.07,183.4
24.08,166.7
24.09,166.7
24.1,100.0
24.11,300.1
24.12,183.4
24.13,266.7
24.14,250.1
24.15,283.4
24.16,250.1
24.17,350.1
24.18,350.1
24.19,133.4
24.2,333.5
24.21,300.1
24.22,300.1
24.23,400.2
24.24,166.7
24.25,233.4
24.26,216.7
24.27,166.7
24.28,200.0
24.29,200.0
24.3,133.4
24.31,216.7
24.32,333.5
24.33,100.0
24.34,150.0
24.35,50.0
24.36,150.0
24.37,183.4
24.38,100.0
24.39,116.7
24.4,66.7
24.41,183.4
24.42,83.3
24.43,133.4
24.44,183.4
24.45,100.0
24.46,100.0
24.47,166.7
24.48,216.7
24.49,116.7
24.5,233.4
24.51,116.7
24.52,100.0
24.53,233.4
24.54,116.7
24.55,166.7
24.56,200.0
24.57,66.7
24.58,216.7
24.59,150.0
24.6,133.4
24.61,83.3
24.62,83.3
24.63,100.0
24.64,83.3
24.65,150.0
24.66,216.7
24.67,50.0
24.68,216.7
24.69,166.7
24.7,100.0
24.71,133.4
24.72,50.0
24.73,166.7
24.74,50.0
24.75,166.7
24.76,100.0
24.77,83.3
24.78,83.3
24.79,233.4
24.8,100.0
24.81,66.7
24.82,83.3
24.83,150.0
24.84,116.7
24.85,166.7
24.86,183.4
24.87,50.0
24.88,50.0
24.89,150.0
24.9,200.0
24.91,66.7
24.92,116.7
24.93,200.0
24.94,50.0
24.95,183.4
24.96,183.4
24.97,133.4
24.98,150.0
24.99,116.7
25.0,100.0
25.01,116.7
25.02,150.0
25.03,116.7
25.04,150.0
25.05,233.4
25.06,133.4
25.07,133.4
25.08,150.0
25.09,66.7
25.1,50.0
25.11,116.7
25.12,133.4
25.13,166.7
25.14,166.7
25.15,116.7
25.16,150.0
25.17,200.0
25.18,200.0
25.19,166.7
25.2,350.1
25.21,150.0
25.22,250.1
25.23,366.8
25.24,316.8
25.25,266.7
25.26,350.1
25.27,316.8
25.28,216.7
25.29,333.4
25.3,266.7
25.31,283.4
25.32,250.1
25.33,283.4
25.34,333.4
25.35,466.9
25.36,316.8
25.37,383.5
25.38,266.7
25.39,283.4
25.4,283.4
25.41,366.8
25.42,266.7
25.43,200.0
25.44,466.9
25.45,250.1
25.46,233.4
25.47,366.8
25.48,283.4
25.49,133.4
25.5,316.8
25.51,300.1
25.52,316.8
25.53,383.5
25.54,433.5
25.55,533.6
25.56,450.2
25.57,650.4
25.58,583.7
25.59,700.5
25.6,984.4
25.61,950.9
25.62,700.5
25.63,1017.7
25.64,1017.7
25.65,1084.6
25.66,1251.6
25.67,1168.0
25.68,1301.8
25.69,1084.5
25.7,1084.5
25.71,967.6
25.72,1134.6
25.73,950.9
25.74,767.3
25.75,617.1
25.76,951.0
25.77,617.0
25.78,617.1
25.79,633.7
25.8,617.1
25.81,400.2
25.82,450.2
25.83,350.1
25.84,200.0
25.85,233.4
25.86,300.1
25.87,200.0
25.88,216.7
25.89,233.4
25.9,283.4
25.91,233.4
25.92,133.4
25.93,150.0
25.94,233.4
25.95,150.0
25.96,66.7
25.97,283.4
25.98,166.7
25.99,116.7
26.0,50.0
26.01,166.7
26.02,216.7
26.03,133.4
26.04,166.7
26.05,133.4
26.06,100.0
26.07,33.3
26.08,250.1
26.09,183.4
26.1,166.7
26.11,183.4
26.12,100.0
26.13,100.0
26.14,116.7
26.15,183.4
26.16,100.0
26.17,100.0
26.18,150.0
26.19,133.4
26.2,133.4
26.21,166.7
26.22,133.4
26.23,116.7
26.24,100.0
26.25,83.3
26.26,83.3
26.27,100.0
26.28,150.0
26.29,66.7
26.3,100.0
26.31,183.4
26.32,166.7
26.33,200.0
26.34,116.7
26.35,150.0
26.36,66.7
26.37,216.7
26.38,166.7
26.39,166.7
26.4,83.3
26.41,116.7
26.42,200.0
26.43,116.7
26.44,133.4
26.45,133.4
26.46,50.0
26.47,116.7
26.48,150.0
26.49,100.0
26.5,100.0
26.51,183.4
26.52,166.7
26.53,116.7
26.54,166.7
26.55,133.4
26.56,33.3
26.57,133.4
26.58,150.0
26.59,133.4
26.6,133.4
26.61,116.7
26.62,116.7
26.63,116.7
26.64,166.7
26.65,100.0
26.66,133.4
26.67,83.3
26.68,150.0
26.69,166.7
26.7,266.7
26.71,166.7
26.72,116.7
26.73,116.7
26.74,83.3
26.75,183.4
26.76,83.3
26.77,100.0
26.78,100.0
26.79,116.7
26.8,83.3
26.81,116.7
26.82,66.7
26.83,183.4
26.84,83.3
26.85,100.0
26.86,116.7
26.87,116.7
26.88,83.3
26.89,116.7
26.9,116.7
26.91,150.0
26.92,66.7
26.93,116.7
26.94,150.0
26.95,83.3
26.96,66.7
26.97,133.4
26.98,83.3
26.99,133.4
27.0,183.4
27.01,133.4
27.02,150.0
27.03,133.4
27.04,133.4
27.05,33.3
27.06,50.0
27.07,133.4
27.08,166.7
27.09,150.0
27.1,83.3
27.11,133.4
27.12,150.0
27.13,133.4
27.14,33.3
27.15,183.4
27.16,116.7
27.17,100.0
27.18,133.4
27.19,166.7
27.2,116.7
27.21,100.0
27.22,83.3
27.23,200.0
27.24,83.3
27.25,183.4
27.26,50.0
27.27,83.3
27.28,116.7
27.29,116.7
27.3,100.0
27.31,116.7
27.32,116.7
27.33,100.0
27.34,83.3
27.35,166.7
27.36,183.4
27.37,83.3
27.38,166.7
27.39,150.0
27.4,116.7
27.41,133.4
27.42,83.3
27.43,100.0
27.44,150.0
27.45,150.0
27.46,83.3
27.47,83.3
27.48,83.3
27.49,50.0
27.5,166.7
27.51,200.0
27.52,116.7
27.53,200.0
27.54,100.0
27.55,83.3
27.56,116.7
27.57,183.4
27.58,100.0
27.59,100.0
27.6,133.4
27.61,66.7
27.62,166.7
27.63,150.0
27.64,116.7
27.65,166.7
27.66,66.7
27.67,133.4
27.68,100.0
27.69,33.3
27.7,200.0
27.71,116.7
27.72,183.4
27.73,183.4
27.74,66.7
27.75,233.4
27.76,116.7
27.77,116.7
27.78,83.3
27.79,66.7
27.8,133.4
27.81,150.0
27.82,83.3
27.83,133.4
27.84,133.4
27.85,100.0
27.86,100.0
27.87,183.4
27.88,116.7
27.89,233.4
27.9,133.4
27.91,66.7
27.92,133.4
27.93,83.3
27.94,100.0
27.95,133.4
27.96,133.4
27.97,116.7
27.98,166.7
27.99,266.7
28.0,150.0
28.01,233.4
28.02,250.1
28.03,266.7
28.04,250.1
28.05,100.0
28.06,300.1
28.07,183.4
28.08,333.5
28.09,316.8
28.1,383.5
28.11,316.8
28.12,300.1
28.13,316.8
28.14,166.7
28.15,250.1
28.16,333.4
28.17,316.8
28.18,300.1
28.19,200.0
28.2,266.7
28.21,200.0
28.22,200.0
28.23,166.7
28.24,183.4
28.25,116.7
28.26,183.4
28.27,133.4
28.28,183.4
28.29,133.4
28.3,100.0
28.31,166.7
28.32,116.7
28.33,183.4
28.34,100.0
28.35,116.7
28.36,166.7
28.37,166.7
28.38,183.4
28.39,150.0
28.4,166.7
28.41,183.4
28.42,116.7
28.43,83.3
28.44,116.7
28.45,183.4
28.46,133.4
28.47,133.4
28.48,166.7
28.49,200.0
28.5,200.0
28.51,183.4
28.52,116.7
28.53,133.4
28.54,150.0
28.55,166.7
28.56,133.4
28.57,83.3
28.58,183.4
28.59,100.0
28.6,116.7
28.61,83.3
28.62,83.3
28.63,100.0
28.64,100.0
28.65,100.0
28.66,66.7
28.67,83.3
28.68,100.0
28.69,66.7
28.7,150.0
28.71,100.0
28.72,66.7
28.73,133.4
28.74,66.7
28.75,66.7
28.76,116.7
28.77,133.4
28.78,66.7
28.79,66.7
28.8,116.7
28.81,116.7
28.82,100.0
28.83,50.0
28.84,133.4
28.85,50.0
28.86,133.4
28.87,100.0
28.88,150.0
28.89,150.0
28.9,33.3
28.91,33.3
28.92,66.7
28.93,133.4
28.94,33.3
28.95,116.7
28.96,83.3
28.97,66.7
28.98,83.3
28.99,83.3
29.0,83.3
29.01,83.3
29.02,50.0
29.03,100.0
29.04,100.0
29.05,150.0
29.06,83.3
29.07,66.7
29.08,100.0
29.09,83.3
29.1,66.7
29.11,100.0
29.12,33.3
29.13,100.0
29.14,66.7
29.15,50.0
29.16,100.0
29.17,166.7
29.18,83.3
29.19,116.7
29.2,100.0
29.21,166.7
29.22,83.3
29.23,150.0
29.24,116.7
29.25,150.0
29.26,133.4
29.27,83.3
29.28,150.0
29.29,83.3
29.3,116.7
29.31,150.0
29.32,100.0
29.33,83.3
29.34,183.4
29.35,83.3
29.36,133.4
29.37,133.4
29.38,116.7
29.39,100.0
29.4,183.4
29.41,150.0
29.42,100.0
29.43,83.3
29.44,133.4
29.45,150.0
29.46,116.7
29.47,83.3
29.48,16.7
29.49,150.0
29.5,50.0
29.51,66.7
29.52,100.0
29.53,83.3
29.54,116.7
29.55,133.4
29.56,100.0
29.57,183.4
29.58,166.7
29.59,133.4
29.6,133.4
29.61,200.0
29.62,200.0
29.63,116.7
29.64,200.0
29.65,333.4
29.66,283.4
29.67,350.1
29.68,350.1
29.69,250.1
29.7,233.4
29.71,466.9
29.72,400.2
29.73,466.9
29.74,300.1
29.75,283.4
29.76,266.7
29.77,366.8
29.78,366.8
29.79,350.1
29.8,133.4
29.81,300.1
29.82,350.1
29.83,266.7
29.84,266.7
29.85,166.7
29.86,133.4
29.87,216.7
29.88,100.0
29.89,183.4
29.9,116.7
29.91,133.4
29.92,66.7
29.93,133.4
29.94,166.7
29.95,116.7
29.96,100.0
29.97,150.0
29.98,116.7
29.99,116.7
30.0,100.0